x,rpm,angle
3.525,66,37,,,,,
2.97,63,39,,,,,
2.375,55,45,,,,,
1.505,55,47,,,,,
2.012,55,46,,,,,
2.60,58,40,,,,,
3.10,63,37,,,,,
3.289,65,36.5,,,,,

3.107707120124396,69,35.5
2.706601026768972,62.5,37.2
2.205703862831171,58.9,40.28
2.401250350158664,58.9,40.28
1.721762292400366,54.91,44.64
2.715703366570223,62,38